{"cameraMode":{"drawMode":0,"name":"Shaded","section":"Shading Mode"},"sceneLighting":true,"audioPlay":false,"sceneViewState":{"showFog":true,"showMaterialUpdate":false,"showSkybox":true,"showFlares":true,"showImageEffects":true,"showParticleSystems":true},"in2DMode":false,"pivot":{"x":1.876154899597168,"y":1.664779543876648,"z":0.5614380836486816},"rotation":{"x":0.18445082008838654,"y":-0.47967612743377688,"z":0.10389192402362824,"w":0.8515304923057556},"size":6.13457727432251,"orthographic":false}